folder,pass,adopted,decode_success,decode_note,decode_variant,diff_mode,repr_mode,window_n,stat_kind,fft_target_hz,diff_threshold,phase_steps,n_maps,pixel_acc_all,pixel_acc_ok,pixel_acc_best,best_pair_frame_1,best_pair_frame_2,video,display_rate,exposure,fluorescent,camera_fps,rate_hz,exposure_denom,fluorescent_flag,cond,image,channel,token,intensity,decode_decoded_text,decode_method,decode_frame_1,decode_frame_2,note,analysis_frames,extract_sec
rice_R_4,stat_std_num,1,0,QR未検出,,stat,gray,,std,,0,,1,0.615085,,0.615085,frame_00000.png,frame_00119.png,r120_e250_f0.mp4,120 Hz,1/250,蛍光灯なし,59.990 fps,120,250,0,0,rice,R,R,4,,,frame_00000.png,frame_00119.png,,120,2.000328
rice_R_8,stat_std_num,1,0,QR未検出,,stat,gray,,std,,0,,1,0.610964,,0.610964,frame_00000.png,frame_00119.png,r120_e250_f0.mp4,120 Hz,1/250,蛍光灯なし,59.990 fps,120,250,0,1,rice,R,R,8,,,frame_00000.png,frame_00119.png,,120,2.000328
rice_R_12,stat_std_num,1,0,QR未検出,,stat,gray,,std,,0,,1,0.614108,,0.614108,frame_00000.png,frame_00119.png,r120_e250_f0.mp4,120 Hz,1/250,蛍光灯なし,59.990 fps,120,250,0,2,rice,R,R,12,,,frame_00000.png,frame_00119.png,,120,2.000328
nagaoka_fireworks_R_4,stat_std_num,1,0,QR未検出,,stat,gray,,std,,0,,1,0.546358,,0.546358,frame_00000.png,frame_00119.png,r120_e250_f0.mp4,120 Hz,1/250,蛍光灯なし,59.990 fps,120,250,0,3,nagaoka_fireworks,R,R,4,,,frame_00000.png,frame_00119.png,,120,2.000328
nagaoka_fireworks_R_8,stat_std_num,1,0,QR未検出,,stat,gray,,std,,0,,1,0.549131,,0.549131,frame_00000.png,frame_00119.png,r120_e250_f0.mp4,120 Hz,1/250,蛍光灯なし,59.990 fps,120,250,0,4,nagaoka_fireworks,R,R,8,,,frame_00000.png,frame_00119.png,,120,2.000328
nagaoka_fireworks_R_12,stat_std_num,1,0,QR未検出,,stat,gray,,std,,0,,1,0.548454,,0.548454,frame_00000.png,frame_00119.png,r120_e250_f0.mp4,120 Hz,1/250,蛍光灯なし,59.990 fps,120,250,0,5,nagaoka_fireworks,R,R,12,,,frame_00000.png,frame_00119.png,,120,2.000328
hocho_R_4,stat_std_num,1,0,QR未検出,,stat,gray,,std,,0,,1,0.575371,,0.575371,frame_00000.png,frame_00119.png,r120_e250_f0.mp4,120 Hz,1/250,蛍光灯なし,59.990 fps,120,250,0,6,hocho,R,R,4,,,frame_00000.png,frame_00119.png,,120,2.000328
hocho_R_8,stat_std_num,1,0,QR未検出,,stat,gray,,std,,0,,1,0.579650,,0.579650,frame_00000.png,frame_00119.png,r120_e250_f0.mp4,120 Hz,1/250,蛍光灯なし,59.990 fps,120,250,0,7,hocho,R,R,8,,,frame_00000.png,frame_00119.png,,120,2.000328
hocho_R_12,stat_std_num,1,0,QR未検出,,stat,gray,,std,,0,,1,0.605118,,0.605118,frame_00000.png,frame_00119.png,r120_e250_f0.mp4,120 Hz,1/250,蛍光灯なし,59.990 fps,120,250,0,8,hocho,R,R,12,,,frame_00000.png,frame_00119.png,,120,2.000328
ex_R_4,stat_std_num,1,0,QR未検出,,stat,gray,,std,,0,,1,0.544309,,0.544309,frame_00000.png,frame_00119.png,r120_e250_f0.mp4,120 Hz,1/250,蛍光灯なし,59.990 fps,120,250,0,9,ex,R,R,4,,,frame_00000.png,frame_00119.png,,120,2.000328
ex_R_8,stat_std_num,1,0,QR未検出,,stat,gray,,std,,0,,1,0.550335,,0.550335,frame_00000.png,frame_00119.png,r120_e250_f0.mp4,120 Hz,1/250,蛍光灯なし,59.990 fps,120,250,0,10,ex,R,R,8,,,frame_00000.png,frame_00119.png,,120,2.000328
ex_R_12,stat_std_num,1,0,QR未検出,,stat,gray,,std,,0,,1,0.563279,,0.563279,frame_00000.png,frame_00119.png,r120_e250_f0.mp4,120 Hz,1/250,蛍光灯なし,59.990 fps,120,250,0,11,ex,R,R,12,,,frame_00000.png,frame_00119.png,,120,2.000328
rice_G_4,stat_std_num,1,0,QR未検出,,stat,gray,,std,,0,,1,0.611617,,0.611617,frame_00000.png,frame_00119.png,r120_e250_f0.mp4,120 Hz,1/250,蛍光灯なし,59.990 fps,120,250,0,12,rice,G,G,4,,,frame_00000.png,frame_00119.png,,120,2.000328
rice_G_8,stat_std_num,1,0,QR未検出,,stat,gray,,std,,0,,1,0.614591,,0.614591,frame_00000.png,frame_00119.png,r120_e250_f0.mp4,120 Hz,1/250,蛍光灯なし,59.990 fps,120,250,0,13,rice,G,G,8,,,frame_00000.png,frame_00119.png,,120,2.000328
rice_G_12,stat_std_num,1,0,QR未検出,,stat,gray,,std,,0,,1,0.614876,,0.614876,frame_00000.png,frame_00119.png,r120_e250_f0.mp4,120 Hz,1/250,蛍光灯なし,59.990 fps,120,250,0,14,rice,G,G,12,,,frame_00000.png,frame_00119.png,,120,2.000328
nagaoka_fireworks_G_4,stat_std_num,1,0,QR未検出,,stat,gray,,std,,0,,1,0.549873,,0.549873,frame_00000.png,frame_00119.png,r120_e250_f0.mp4,120 Hz,1/250,蛍光灯なし,59.990 fps,120,250,0,15,nagaoka_fireworks,G,G,4,,,frame_00000.png,frame_00119.png,,120,2.000328
nagaoka_fireworks_G_8,stat_std_num,1,0,QR未検出,,stat,gray,,std,,0,,1,0.545929,,0.545929,frame_00000.png,frame_00119.png,r120_e250_f0.mp4,120 Hz,1/250,蛍光灯なし,59.990 fps,120,250,0,16,nagaoka_fireworks,G,G,8,,,frame_00000.png,frame_00119.png,,120,2.000328
nagaoka_fireworks_G_12,stat_std_num,1,0,QR未検出,,stat,gray,,std,,0,,1,0.553017,,0.553017,frame_00000.png,frame_00119.png,r120_e250_f0.mp4,120 Hz,1/250,蛍光灯なし,59.990 fps,120,250,0,17,nagaoka_fireworks,G,G,12,,,frame_00000.png,frame_00119.png,,120,2.000328
hocho_G_4,stat_std_num,1,0,QR未検出,,stat,gray,,std,,0,,1,0.574728,,0.574728,frame_00000.png,frame_00119.png,r120_e250_f0.mp4,120 Hz,1/250,蛍光灯なし,59.990 fps,120,250,0,18,hocho,G,G,4,,,frame_00000.png,frame_00119.png,,120,2.000328
hocho_G_8,stat_std_num,1,0,QR未検出,,stat,gray,,std,,0,,1,0.564316,,0.564316,frame_00000.png,frame_00119.png,r120_e250_f0.mp4,120 Hz,1/250,蛍光灯なし,59.990 fps,120,250,0,19,hocho,G,G,8,,,frame_00000.png,frame_00119.png,,120,2.000328
hocho_G_12,stat_std_num,1,0,QR未検出,,stat,gray,,std,,0,,1,0.546429,,0.546429,frame_00000.png,frame_00119.png,r120_e250_f0.mp4,120 Hz,1/250,蛍光灯なし,59.990 fps,120,250,0,20,hocho,G,G,12,,,frame_00000.png,frame_00119.png,,120,2.000328
ex_G_4,stat_std_num,1,0,QR未検出,,stat,gray,,std,,0,,1,0.521498,,0.521498,frame_00000.png,frame_00119.png,r120_e250_f0.mp4,120 Hz,1/250,蛍光灯なし,59.990 fps,120,250,0,21,ex,G,G,4,,,frame_00000.png,frame_00119.png,,120,2.000328
ex_G_8,stat_std_num,1,0,QR未検出,,stat,gray,,std,,0,,1,0.525085,,0.525085,frame_00000.png,frame_00119.png,r120_e250_f0.mp4,120 Hz,1/250,蛍光灯なし,59.990 fps,120,250,0,22,ex,G,G,8,,,frame_00000.png,frame_00119.png,,120,2.000328
ex_G_12,stat_std_num,1,0,QR未検出,,stat,gray,,std,,0,,1,0.500903,,0.500903,frame_00000.png,frame_00119.png,r120_e250_f0.mp4,120 Hz,1/250,蛍光灯なし,59.990 fps,120,250,0,23,ex,G,G,12,,,frame_00000.png,frame_00119.png,,120,2.000328
rice_B_4,stat_std_num,1,0,QR未検出,,stat,gray,,std,,0,,1,0.617035,,0.617035,frame_00000.png,frame_00119.png,r120_e250_f0.mp4,120 Hz,1/250,蛍光灯なし,59.990 fps,120,250,0,24,rice,B,B,4,,,frame_00000.png,frame_00119.png,,120,2.000328
rice_B_8,stat_std_num,1,0,QR未検出,,stat,gray,,std,,0,,1,0.610095,,0.610095,frame_00000.png,frame_00119.png,r120_e250_f0.mp4,120 Hz,1/250,蛍光灯なし,59.990 fps,120,250,0,25,rice,B,B,8,,,frame_00000.png,frame_00119.png,,120,2.000328
rice_B_12,stat_std_num,1,0,QR未検出,,stat,gray,,std,,0,,1,0.589186,,0.589186,frame_00000.png,frame_00119.png,r120_e250_f0.mp4,120 Hz,1/250,蛍光灯なし,59.990 fps,120,250,0,26,rice,B,B,12,,,frame_00000.png,frame_00119.png,,120,2.000328
nagaoka_fireworks_B_4,stat_std_num,1,0,QR未検出,,stat,gray,,std,,0,,1,0.551271,,0.551271,frame_00000.png,frame_00119.png,r120_e250_f0.mp4,120 Hz,1/250,蛍光灯なし,59.990 fps,120,250,0,27,nagaoka_fireworks,B,B,4,,,frame_00000.png,frame_00119.png,,120,2.000328
nagaoka_fireworks_B_8,stat_std_num,1,0,QR未検出,,stat,gray,,std,,0,,1,0.547532,,0.547532,frame_00000.png,frame_00119.png,r120_e250_f0.mp4,120 Hz,1/250,蛍光灯なし,59.990 fps,120,250,0,28,nagaoka_fireworks,B,B,8,,,frame_00000.png,frame_00119.png,,120,2.000328
nagaoka_fireworks_B_12,stat_std_num,1,0,QR未検出,,stat,gray,,std,,0,,1,0.551269,,0.551269,frame_00000.png,frame_00119.png,r120_e250_f0.mp4,120 Hz,1/250,蛍光灯なし,59.990 fps,120,250,0,29,nagaoka_fireworks,B,B,12,,,frame_00000.png,frame_00119.png,,120,2.000328
hocho_B_4,stat_std_num,1,0,QR未検出,,stat,gray,,std,,0,,1,0.571231,,0.571231,frame_00000.png,frame_00119.png,r120_e250_f0.mp4,120 Hz,1/250,蛍光灯なし,59.990 fps,120,250,0,30,hocho,B,B,4,,,frame_00000.png,frame_00119.png,,120,2.000328
hocho_B_8,stat_std_num,1,0,QR未検出,,stat,gray,,std,,0,,1,0.584094,,0.584094,frame_00000.png,frame_00119.png,r120_e250_f0.mp4,120 Hz,1/250,蛍光灯なし,59.990 fps,120,250,0,31,hocho,B,B,8,,,frame_00000.png,frame_00119.png,,120,2.000328
hocho_B_12,stat_std_num,1,0,QR未検出,,stat,gray,,std,,0,,1,0.639771,,0.639771,frame_00000.png,frame_00119.png,r120_e250_f0.mp4,120 Hz,1/250,蛍光灯なし,59.990 fps,120,250,0,32,hocho,B,B,12,,,frame_00000.png,frame_00119.png,,120,2.000328
ex_B_4,stat_std_num,1,0,QR未検出,,stat,gray,,std,,0,,1,0.503380,,0.503380,frame_00000.png,frame_00119.png,r120_e250_f0.mp4,120 Hz,1/250,蛍光灯なし,59.990 fps,120,250,0,33,ex,B,B,4,,,frame_00000.png,frame_00119.png,,120,2.000328
ex_B_8,stat_std_num,1,0,QR未検出,,stat,gray,,std,,0,,1,0.505510,,0.505510,frame_00000.png,frame_00119.png,r120_e250_f0.mp4,120 Hz,1/250,蛍光灯なし,59.990 fps,120,250,0,34,ex,B,B,8,,,frame_00000.png,frame_00119.png,,120,2.000328
ex_B_12,stat_std_num,1,0,QR未検出,,stat,gray,,std,,0,,1,0.510489,,0.510489,frame_00000.png,frame_00119.png,r120_e250_f0.mp4,120 Hz,1/250,蛍光灯なし,59.990 fps,120,250,0,35,ex,B,B,12,,,frame_00000.png,frame_00119.png,,120,2.000328
rice_I_4,stat_std_num,1,0,QR未検出,,stat,gray,,std,,0,,1,0.580856,,0.580856,frame_00000.png,frame_00119.png,r120_e250_f0.mp4,120 Hz,1/250,蛍光灯なし,59.990 fps,120,250,0,36,rice,min,I,4,,,frame_00000.png,frame_00119.png,,120,2.000328
rice_I_8,stat_std_num,1,0,QR未検出,,stat,gray,,std,,0,,1,0.613898,,0.613898,frame_00000.png,frame_00119.png,r120_e250_f0.mp4,120 Hz,1/250,蛍光灯なし,59.990 fps,120,250,0,37,rice,min,I,8,,,frame_00000.png,frame_00119.png,,120,2.000328
rice_I_12,stat_std_num,1,0,QR未検出,,stat,gray,,std,,0,,1,0.657546,,0.657546,frame_00000.png,frame_00119.png,r120_e250_f0.mp4,120 Hz,1/250,蛍光灯なし,59.990 fps,120,250,0,38,rice,min,I,12,,,frame_00000.png,frame_00119.png,,120,2.000328
nagaoka_fireworks_I_4,stat_std_num,1,0,QR未検出,,stat,gray,,std,,0,,1,0.555575,,0.555575,frame_00000.png,frame_00119.png,r120_e250_f0.mp4,120 Hz,1/250,蛍光灯なし,59.990 fps,120,250,0,39,nagaoka_fireworks,min,I,4,,,frame_00000.png,frame_00119.png,,120,2.000328
nagaoka_fireworks_I_8,stat_std_num,1,0,QR未検出,,stat,gray,,std,,0,,1,0.558332,,0.558332,frame_00000.png,frame_00119.png,r120_e250_f0.mp4,120 Hz,1/250,蛍光灯なし,59.990 fps,120,250,0,40,nagaoka_fireworks,min,I,8,,,frame_00000.png,frame_00119.png,,120,2.000328
nagaoka_fireworks_I_12,stat_std_num,1,0,QR未検出,,stat,gray,,std,,0,,1,0.564334,,0.564334,frame_00000.png,frame_00119.png,r120_e250_f0.mp4,120 Hz,1/250,蛍光灯なし,59.990 fps,120,250,0,41,nagaoka_fireworks,min,I,12,,,frame_00000.png,frame_00119.png,,120,2.000328
hocho_I_4,stat_std_num,1,0,QR未検出,,stat,gray,,std,,0,,1,0.576846,,0.576846,frame_00000.png,frame_00119.png,r120_e250_f0.mp4,120 Hz,1/250,蛍光灯なし,59.990 fps,120,250,0,42,hocho,min,I,4,,,frame_00000.png,frame_00119.png,,120,2.000328
hocho_I_8,stat_std_num,1,0,QR未検出,,stat,gray,,std,,0,,1,0.567571,,0.567571,frame_00000.png,frame_00119.png,r120_e250_f0.mp4,120 Hz,1/250,蛍光灯なし,59.990 fps,120,250,0,43,hocho,min,I,8,,,frame_00000.png,frame_00119.png,,120,2.000328
hocho_I_12,stat_std_num,1,0,QR未検出,,stat,gray,,std,,0,,1,0.575358,,0.575358,frame_00000.png,frame_00119.png,r120_e250_f0.mp4,120 Hz,1/250,蛍光灯なし,59.990 fps,120,250,0,44,hocho,min,I,12,,,frame_00000.png,frame_00119.png,,120,2.000328
ex_I_4,stat_std_num,1,0,QR未検出,,stat,gray,,std,,0,,1,0.515551,,0.515551,frame_00000.png,frame_00119.png,r120_e250_f0.mp4,120 Hz,1/250,蛍光灯なし,59.990 fps,120,250,0,45,ex,min,I,4,,,frame_00000.png,frame_00119.png,,120,2.000328
ex_I_8,stat_std_num,1,0,QR未検出,,stat,gray,,std,,0,,1,0.531858,,0.531858,frame_00000.png,frame_00119.png,r120_e250_f0.mp4,120 Hz,1/250,蛍光灯なし,59.990 fps,120,250,0,46,ex,min,I,8,,,frame_00000.png,frame_00119.png,,120,2.000328
ex_I_12,stat_std_num,1,0,QR未検出,,stat,gray,,std,,0,,1,0.557727,,0.557727,frame_00000.png,frame_00119.png,r120_e250_f0.mp4,120 Hz,1/250,蛍光灯なし,59.990 fps,120,250,0,47,ex,min,I,12,,,frame_00000.png,frame_00119.png,,120,2.000328
rice_X_4,stat_std_num,1,0,QR未検出,,stat,gray,,std,,0,,1,0.615018,,0.615018,frame_00000.png,frame_00119.png,r120_e250_f0.mp4,120 Hz,1/250,蛍光灯なし,59.990 fps,120,250,0,48,rice,max,X,4,,,frame_00000.png,frame_00119.png,,120,2.000328
rice_X_8,stat_std_num,1,0,QR未検出,,stat,gray,,std,,0,,1,0.617331,,0.617331,frame_00000.png,frame_00119.png,r120_e250_f0.mp4,120 Hz,1/250,蛍光灯なし,59.990 fps,120,250,0,49,rice,max,X,8,,,frame_00000.png,frame_00119.png,,120,2.000328
rice_X_12,stat_std_num,1,0,QR未検出,,stat,gray,,std,,0,,1,0.622145,,0.622145,frame_00000.png,frame_00119.png,r120_e250_f0.mp4,120 Hz,1/250,蛍光灯なし,59.990 fps,120,250,0,50,rice,max,X,12,,,frame_00000.png,frame_00119.png,,120,2.000328
nagaoka_fireworks_X_4,stat_std_num,1,0,QR未検出,,stat,gray,,std,,0,,1,0.547988,,0.547988,frame_00000.png,frame_00119.png,r120_e250_f0.mp4,120 Hz,1/250,蛍光灯なし,59.990 fps,120,250,0,51,nagaoka_fireworks,max,X,4,,,frame_00000.png,frame_00119.png,,120,2.000328
nagaoka_fireworks_X_8,stat_std_num,1,0,QR未検出,,stat,gray,,std,,0,,1,0.538990,,0.538990,frame_00000.png,frame_00119.png,r120_e250_f0.mp4,120 Hz,1/250,蛍光灯なし,59.990 fps,120,250,0,52,nagaoka_fireworks,max,X,8,,,frame_00000.png,frame_00119.png,,120,2.000328
nagaoka_fireworks_X_12,stat_std_num,1,0,QR未検出,,stat,gray,,std,,0,,1,0.548042,,0.548042,frame_00000.png,frame_00119.png,r120_e250_f0.mp4,120 Hz,1/250,蛍光灯なし,59.990 fps,120,250,0,53,nagaoka_fireworks,max,X,12,,,frame_00000.png,frame_00119.png,,120,2.000328
hocho_X_4,stat_std_num,1,0,QR未検出,,stat,gray,,std,,0,,1,0.568407,,0.568407,frame_00000.png,frame_00119.png,r120_e250_f0.mp4,120 Hz,1/250,蛍光灯なし,59.990 fps,120,250,0,54,hocho,max,X,4,,,frame_00000.png,frame_00119.png,,120,2.000328
hocho_X_8,stat_std_num,1,0,QR未検出,,stat,gray,,std,,0,,1,0.571143,,0.571143,frame_00000.png,frame_00119.png,r120_e250_f0.mp4,120 Hz,1/250,蛍光灯なし,59.990 fps,120,250,0,55,hocho,max,X,8,,,frame_00000.png,frame_00119.png,,120,2.000328
hocho_X_12,stat_std_num,1,0,QR未検出,,stat,gray,,std,,0,,1,0.576559,,0.576559,frame_00000.png,frame_00119.png,r120_e250_f0.mp4,120 Hz,1/250,蛍光灯なし,59.990 fps,120,250,0,56,hocho,max,X,12,,,frame_00000.png,frame_00119.png,,120,2.000328
ex_X_4,stat_std_num,1,0,QR未検出,,stat,gray,,std,,0,,1,0.579953,,0.579953,frame_00000.png,frame_00119.png,r120_e250_f0.mp4,120 Hz,1/250,蛍光灯なし,59.990 fps,120,250,0,57,ex,max,X,4,,,frame_00000.png,frame_00119.png,,120,2.000328
ex_X_8,stat_std_num,1,0,QR未検出,,stat,gray,,std,,0,,1,0.541584,,0.541584,frame_00000.png,frame_00119.png,r120_e250_f0.mp4,120 Hz,1/250,蛍光灯なし,59.990 fps,120,250,0,58,ex,max,X,8,,,frame_00000.png,frame_00119.png,,120,2.000328
ex_X_12,stat_std_num,1,0,QR未検出,,stat,gray,,std,,0,,1,0.566089,,0.566089,frame_00000.png,frame_00119.png,r120_e250_f0.mp4,120 Hz,1/250,蛍光灯なし,59.990 fps,120,250,0,59,ex,max,X,12,,,frame_00000.png,frame_00119.png,,120,2.000328
