finished_at,video,status,elapsed_sec,note,phone_copied_total
2026-07-24 22:08:06,r45_e60_f0.mp4,OK,56950.1,,0
2026-07-25 13:36:53,r45_e60_f1.mp4,OK,55714.1,,0
2026-07-26 05:44:44,r45_e250_f0.mp4,OK,58057.8,,0
2026-07-26 21:28:58,r45_e250_f1.mp4,OK,56637.1,,0
2026-07-27 16:13:42,r60_e60_f1.mp4,OK,67462.8,,0
2026-07-27 16:16:52,r60_e250_f1.mp4,FAIL,172.4,run_pipeline_hully exit=1,0
2026-07-29 03:52:06,r90_e60_f1.mp4,OK,37481.2,,135
2026-07-29 14:15:05,r90_e250_f1.mp4,OK,37359.7,,172
2026-07-30 00:27:44,r120_e60_f1.mp4,OK,36744.3,,243
