folder,cond,frame_1,frame_2,success,accuracy,recall,precision,diff_threshold
rice_R_4,0,frame_00000.png,frame_00001.png,0,0.636131,0.000646,0.206471,10
rice_R_4,0,frame_00001.png,frame_00002.png,0,0.636151,0.000361,0.144231,10
rice_R_4,0,frame_00002.png,frame_00003.png,0,0.637108,0.001676,0.670520,10
rice_R_4,0,frame_00115.png,frame_00116.png,0,0.636438,0.000997,0.333871,10
rice_R_4,0,frame_00116.png,frame_00117.png,0,0.636326,0.000939,0.295455,10
rice_R_4,0,frame_00117.png,frame_00118.png,0,0.636231,0.000294,0.136771,10
rice_R_8,1,frame_00000.png,frame_00001.png,0,0.636121,0.000029,0.015038,10
rice_R_8,1,frame_00001.png,frame_00002.png,0,0.636238,0.000241,0.119048,10
rice_R_8,1,frame_00002.png,frame_00003.png,0,0.636522,0.001845,0.414502,10
rice_R_8,1,frame_00115.png,frame_00116.png,0,0.636224,0.000838,0.257396,10
rice_R_8,1,frame_00116.png,frame_00117.png,0,0.636140,0.000477,0.172474,10
rice_R_8,1,frame_00117.png,frame_00118.png,0,0.636550,0.001864,0.422489,10
rice_R_12,2,frame_00000.png,frame_00001.png,0,0.636968,0.001917,0.569385,10
rice_R_12,2,frame_00001.png,frame_00002.png,0,0.636348,0.000689,0.263352,10
rice_R_12,2,frame_00002.png,frame_00003.png,0,0.636361,0.001190,0.331989,10
rice_R_12,2,frame_00115.png,frame_00116.png,0,0.636217,0.001118,0.291457,10
rice_R_12,2,frame_00116.png,frame_00117.png,0,0.636539,0.000910,0.359316,10
rice_R_12,2,frame_00117.png,frame_00118.png,0,0.636326,0.000699,0.258929,10
nagaoka_fireworks_R_4,3,frame_00000.png,frame_00001.png,0,0.635913,0.008825,0.439329,10
nagaoka_fireworks_R_4,3,frame_00001.png,frame_00002.png,0,0.634929,0.007472,0.371942,10
nagaoka_fireworks_R_4,3,frame_00002.png,frame_00003.png,0,0.636175,0.005559,0.433183,10
nagaoka_fireworks_R_4,3,frame_00115.png,frame_00116.png,0,0.637053,0.007125,0.525960,10
nagaoka_fireworks_R_4,3,frame_00116.png,frame_00117.png,0,0.634179,0.004981,0.290042,10
nagaoka_fireworks_R_4,3,frame_00117.png,frame_00118.png,0,0.634735,0.005622,0.332195,10
nagaoka_fireworks_R_8,4,frame_00000.png,frame_00001.png,0,0.634924,0.003151,0.274905,10
nagaoka_fireworks_R_8,4,frame_00001.png,frame_00002.png,0,0.635341,0.004841,0.353500,10
nagaoka_fireworks_R_8,4,frame_00002.png,frame_00003.png,0,0.636474,0.005983,0.465343,10
nagaoka_fireworks_R_8,4,frame_00115.png,frame_00116.png,0,0.635690,0.006344,0.403122,10
nagaoka_fireworks_R_8,4,frame_00116.png,frame_00117.png,0,0.634420,0.004456,0.288252,10
nagaoka_fireworks_R_8,4,frame_00117.png,frame_00118.png,0,0.635178,0.003420,0.302643,10
nagaoka_fireworks_R_12,5,frame_00000.png,frame_00001.png,0,0.635248,0.006128,0.370845,10
nagaoka_fireworks_R_12,5,frame_00001.png,frame_00002.png,0,0.636499,0.005285,0.463848,10
nagaoka_fireworks_R_12,5,frame_00002.png,frame_00003.png,0,0.636035,0.005391,0.418474,10
nagaoka_fireworks_R_12,5,frame_00115.png,frame_00116.png,0,0.635479,0.003868,0.340254,10
nagaoka_fireworks_R_12,5,frame_00116.png,frame_00117.png,0,0.635823,0.005925,0.407690,10
nagaoka_fireworks_R_12,5,frame_00117.png,frame_00118.png,0,0.636588,0.006749,0.479466,10
hocho_R_4,6,frame_00000.png,frame_00001.png,0,0.635962,0.009933,0.448066,10
hocho_R_4,6,frame_00001.png,frame_00002.png,0,0.635727,0.011663,0.443894,10
hocho_R_4,6,frame_00002.png,frame_00003.png,0,0.636331,0.009996,0.469776,10
hocho_R_4,6,frame_00115.png,frame_00116.png,0,0.634880,0.007053,0.363817,10
hocho_R_4,6,frame_00116.png,frame_00117.png,0,0.634950,0.008084,0.380326,10
hocho_R_4,6,frame_00117.png,frame_00118.png,0,0.635781,0.009591,0.436336,10
hocho_R_8,7,frame_00000.png,frame_00001.png,0,0.635669,0.012164,0.443371,10
hocho_R_8,7,frame_00001.png,frame_00002.png,0,0.635517,0.009789,0.423686,10
hocho_R_8,7,frame_00002.png,frame_00003.png,0,0.636315,0.013036,0.475738,10
hocho_R_8,7,frame_00115.png,frame_00116.png,0,0.635454,0.008748,0.412727,10
hocho_R_8,7,frame_00116.png,frame_00117.png,0,0.635745,0.009423,0.433319,10
hocho_R_8,7,frame_00117.png,frame_00118.png,0,0.635829,0.007819,0.427105,10
hocho_R_12,8,frame_00000.png,frame_00001.png,0,0.636758,0.018566,0.498512,10
hocho_R_12,8,frame_00001.png,frame_00002.png,0,0.637834,0.016798,0.546380,10
hocho_R_12,8,frame_00002.png,frame_00003.png,0,0.638242,0.025585,0.542105,10
hocho_R_12,8,frame_00115.png,frame_00116.png,0,0.635388,0.015016,0.442756,10
hocho_R_12,8,frame_00116.png,frame_00117.png,0,0.639232,0.025156,0.576825,10
hocho_R_12,8,frame_00117.png,frame_00118.png,0,0.636446,0.013696,0.482928,10
ex_R_4,9,frame_00000.png,frame_00001.png,0,0.636392,0.000000,0.000000,10
ex_R_4,9,frame_00001.png,frame_00002.png,0,0.636649,0.000535,0.361564,10
ex_R_4,9,frame_00002.png,frame_00003.png,0,0.636693,0.000337,0.350000,10
ex_R_4,9,frame_00115.png,frame_00116.png,0,0.637048,0.001195,0.702550,10
ex_R_4,9,frame_00116.png,frame_00117.png,0,0.636886,0.000487,0.664474,10
ex_R_4,9,frame_00117.png,frame_00118.png,0,0.636548,0.000289,0.228137,10
ex_R_8,10,frame_00000.png,frame_00001.png,0,0.636600,0.000299,0.261603,10
ex_R_8,10,frame_00001.png,frame_00002.png,0,0.636837,0.000699,0.541045,10
ex_R_8,10,frame_00002.png,frame_00003.png,0,0.636980,0.000776,0.738532,10
ex_R_8,10,frame_00115.png,frame_00116.png,0,0.635820,0.000173,0.057052,10
ex_R_8,10,frame_00116.png,frame_00117.png,0,0.636859,0.000785,0.560137,10
ex_R_8,10,frame_00117.png,frame_00118.png,0,0.636730,0.000535,0.425287,10
ex_R_12,11,frame_00000.png,frame_00001.png,0,0.641130,0.066952,0.548894,4
ex_R_12,11,frame_00001.png,frame_00002.png,0,0.635979,0.058415,0.490534,4
ex_R_12,11,frame_00002.png,frame_00003.png,0,0.641034,0.068084,0.546837,4
ex_R_12,11,frame_00115.png,frame_00116.png,0,0.634095,0.051069,0.466039,4
ex_R_12,11,frame_00116.png,frame_00117.png,0,0.639211,0.075946,0.522868,4
ex_R_12,11,frame_00117.png,frame_00118.png,0,0.638257,0.063233,0.516406,4
rice_G_4,12,frame_00000.png,frame_00001.png,0,0.636341,0.000568,0.237425,10
rice_G_4,12,frame_00001.png,frame_00002.png,0,0.636747,0.001436,0.476800,10
rice_G_4,12,frame_00002.png,frame_00003.png,0,0.636277,0.000742,0.254125,10
rice_G_4,12,frame_00115.png,frame_00116.png,0,0.636508,0.000265,0.199275,10
rice_G_4,12,frame_00116.png,frame_00117.png,0,0.636511,0.001464,0.393782,10
rice_G_4,12,frame_00117.png,frame_00118.png,0,0.636411,0.000742,0.291115,10
rice_G_8,13,frame_00000.png,frame_00001.png,0,0.636299,0.000853,0.276995,10
rice_G_8,13,frame_00001.png,frame_00002.png,0,0.636383,0.001243,0.342629,10
rice_G_8,13,frame_00002.png,frame_00003.png,0,0.636362,0.001012,0.313901,10
rice_G_8,13,frame_00115.png,frame_00116.png,0,0.636298,0.001368,0.332553,10
rice_G_8,13,frame_00116.png,frame_00117.png,0,0.635984,0.000270,0.097054,10
rice_G_8,13,frame_00117.png,frame_00118.png,0,0.636256,0.000116,0.067039,10
rice_G_12,14,frame_00000.png,frame_00001.png,0,0.636782,0.001859,0.494238,10
rice_G_12,14,frame_00001.png,frame_00002.png,0,0.636634,0.001349,0.428135,10
rice_G_12,14,frame_00002.png,frame_00003.png,0,0.636347,0.002018,0.382299,10
rice_G_12,14,frame_00115.png,frame_00116.png,0,0.636432,0.001720,0.386782,10
rice_G_12,14,frame_00116.png,frame_00117.png,0,0.636406,0.001884,0.388668,10
rice_G_12,14,frame_00117.png,frame_00118.png,0,0.636308,0.000809,0.272727,10
nagaoka_fireworks_G_4,15,frame_00000.png,frame_00001.png,0,0.635239,0.005106,0.352043,10
nagaoka_fireworks_G_4,15,frame_00001.png,frame_00002.png,0,0.637039,0.007438,0.523390,10
nagaoka_fireworks_G_4,15,frame_00002.png,frame_00003.png,0,0.636040,0.005294,0.417712,10
nagaoka_fireworks_G_4,15,frame_00115.png,frame_00116.png,0,0.635358,0.004230,0.340442,10
nagaoka_fireworks_G_4,15,frame_00116.png,frame_00117.png,0,0.635540,0.006990,0.400718,10
nagaoka_fireworks_G_4,15,frame_00117.png,frame_00118.png,0,0.635641,0.005130,0.381584,10
nagaoka_fireworks_G_8,16,frame_00000.png,frame_00001.png,0,0.636193,0.005550,0.434717,10
nagaoka_fireworks_G_8,16,frame_00001.png,frame_00002.png,0,0.635412,0.005082,0.363542,10
nagaoka_fireworks_G_8,16,frame_00002.png,frame_00003.png,0,0.634798,0.005077,0.324208,10
nagaoka_fireworks_G_8,16,frame_00115.png,frame_00116.png,0,0.636240,0.005039,0.433845,10
nagaoka_fireworks_G_8,16,frame_00116.png,frame_00117.png,0,0.635425,0.004663,0.355752,10
nagaoka_fireworks_G_8,16,frame_00117.png,frame_00118.png,0,0.634805,0.003632,0.284851,10
nagaoka_fireworks_G_12,17,frame_00000.png,frame_00001.png,0,0.635089,0.004398,0.325722,10
nagaoka_fireworks_G_12,17,frame_00001.png,frame_00002.png,0,0.635621,0.006036,0.394149,10
nagaoka_fireworks_G_12,17,frame_00002.png,frame_00003.png,0,0.635213,0.005415,0.356373,10
nagaoka_fireworks_G_12,17,frame_00115.png,frame_00116.png,0,0.636207,0.006576,0.444915,10
nagaoka_fireworks_G_12,17,frame_00116.png,frame_00117.png,0,0.634672,0.004393,0.300099,10
nagaoka_fireworks_G_12,17,frame_00117.png,frame_00118.png,0,0.635629,0.003883,0.353509,10
hocho_G_4,18,frame_00000.png,frame_00001.png,0,0.636019,0.013320,0.462762,10
hocho_G_4,18,frame_00001.png,frame_00002.png,0,0.633610,0.009428,0.341179,10
hocho_G_4,18,frame_00002.png,frame_00003.png,0,0.635085,0.007717,0.382979,10
hocho_G_4,18,frame_00115.png,frame_00116.png,0,0.635785,0.011350,0.445284,10
hocho_G_4,18,frame_00116.png,frame_00117.png,0,0.636424,0.012198,0.479727,10
hocho_G_4,18,frame_00117.png,frame_00118.png,0,0.636578,0.014553,0.489786,10
hocho_G_8,19,frame_00000.png,frame_00001.png,0,0.637421,0.015666,0.528953,10
hocho_G_8,19,frame_00001.png,frame_00002.png,0,0.636107,0.012910,0.465682,10
hocho_G_8,19,frame_00002.png,frame_00003.png,0,0.636256,0.013392,0.473595,10
hocho_G_8,19,frame_00115.png,frame_00116.png,0,0.635150,0.010063,0.408008,10
hocho_G_8,19,frame_00116.png,frame_00117.png,0,0.636172,0.010237,0.461155,10
hocho_G_8,19,frame_00117.png,frame_00118.png,0,0.635619,0.011374,0.437546,10
hocho_G_12,20,frame_00000.png,frame_00001.png,0,0.638476,0.020589,0.563184,10
hocho_G_12,20,frame_00001.png,frame_00002.png,0,0.637871,0.019260,0.541514,10
hocho_G_12,20,frame_00002.png,frame_00003.png,0,0.637871,0.017193,0.546973,10
hocho_G_12,20,frame_00115.png,frame_00116.png,0,0.637291,0.017718,0.519932,10
hocho_G_12,20,frame_00116.png,frame_00117.png,0,0.637258,0.017969,0.518272,10
hocho_G_12,20,frame_00117.png,frame_00118.png,0,0.636968,0.018002,0.506574,10
ex_G_4,21,frame_00000.png,frame_00001.png,0,0.636271,0.000077,0.048048,10
ex_G_4,21,frame_00001.png,frame_00002.png,0,0.636616,0.000178,0.207865,10
ex_G_4,21,frame_00002.png,frame_00003.png,0,0.636457,0.000207,0.153025,10
ex_G_4,21,frame_00115.png,frame_00116.png,0,0.636691,0.000376,0.359447,10
ex_G_4,21,frame_00116.png,frame_00117.png,0,0.636611,0.000689,0.363868,10
ex_G_4,21,frame_00117.png,frame_00118.png,0,0.636739,0.000453,0.423423,10
ex_G_8,22,frame_00000.png,frame_00001.png,0,0.636343,0.000308,0.164948,10
ex_G_8,22,frame_00001.png,frame_00002.png,0,0.636590,0.000169,0.185185,10
ex_G_8,22,frame_00002.png,frame_00003.png,0,0.636758,0.000212,0.396396,10
ex_G_8,22,frame_00115.png,frame_00116.png,0,0.636809,0.000159,0.550000,10
ex_G_8,22,frame_00116.png,frame_00117.png,0,0.636833,0.000568,0.546296,10
ex_G_8,22,frame_00117.png,frame_00118.png,0,0.636478,0.000265,0.187713,10
ex_G_12,23,frame_00000.png,frame_00001.png,0,0.636849,0.000761,0.550523,10
ex_G_12,23,frame_00001.png,frame_00002.png,0,0.636945,0.001542,0.575540,10
ex_G_12,23,frame_00002.png,frame_00003.png,0,0.636833,0.001267,0.519763,10
ex_G_12,23,frame_00115.png,frame_00116.png,0,0.636655,0.001224,0.430508,10
ex_G_12,23,frame_00116.png,frame_00117.png,0,0.637066,0.000954,0.814815,10
ex_G_12,23,frame_00117.png,frame_00118.png,0,0.636641,0.001643,0.441710,10
rice_B_4,24,frame_00000.png,frame_00001.png,0,0.636679,0.001561,0.452514,10
rice_B_4,24,frame_00001.png,frame_00002.png,0,0.636341,0.000342,0.176179,10
rice_B_4,24,frame_00002.png,frame_00003.png,0,0.636718,0.000747,0.435393,10
rice_B_4,24,frame_00115.png,frame_00116.png,0,0.636046,0.000226,0.089695,10
rice_B_4,24,frame_00116.png,frame_00117.png,0,0.636245,0.000347,0.156522,10
rice_B_4,24,frame_00117.png,frame_00118.png,0,0.636485,0.000833,0.329524,10
rice_B_8,25,frame_00000.png,frame_00001.png,0,0.636413,0.000597,0.264957,10
rice_B_8,25,frame_00001.png,frame_00002.png,0,0.636683,0.002033,0.463736,10
rice_B_8,25,frame_00002.png,frame_00003.png,0,0.636226,0.000742,0.242520,10
rice_B_8,25,frame_00115.png,frame_00116.png,0,0.636483,0.001200,0.367257,10
rice_B_8,25,frame_00116.png,frame_00117.png,0,0.636562,0.001108,0.386555,10
rice_B_8,25,frame_00117.png,frame_00118.png,0,0.636375,0.000366,0.192893,10
rice_B_12,26,frame_00000.png,frame_00001.png,0,0.636138,0.000540,0.186356,10
rice_B_12,26,frame_00001.png,frame_00002.png,0,0.636399,0.002149,0.398214,10
rice_B_12,26,frame_00002.png,frame_00003.png,0,0.637232,0.002876,0.631078,10
rice_B_12,26,frame_00115.png,frame_00116.png,0,0.636156,0.001595,0.321672,10
rice_B_12,26,frame_00116.png,frame_00117.png,0,0.636306,0.001243,0.323714,10
rice_B_12,26,frame_00117.png,frame_00118.png,0,0.636485,0.001464,0.386277,10
nagaoka_fireworks_B_4,27,frame_00000.png,frame_00001.png,0,0.634424,0.004153,0.279779,10
nagaoka_fireworks_B_4,27,frame_00001.png,frame_00002.png,0,0.635680,0.005983,0.397695,10
nagaoka_fireworks_B_4,27,frame_00002.png,frame_00003.png,0,0.635725,0.005834,0.399012,10
nagaoka_fireworks_B_4,27,frame_00115.png,frame_00116.png,0,0.636385,0.005130,0.450127,10
nagaoka_fireworks_B_4,27,frame_00116.png,frame_00117.png,0,0.636350,0.005501,0.449606,10
nagaoka_fireworks_B_4,27,frame_00117.png,frame_00118.png,0,0.635239,0.005246,0.354839,10
nagaoka_fireworks_B_8,28,frame_00000.png,frame_00001.png,0,0.635605,0.005188,0.379760,10
nagaoka_fireworks_B_8,28,frame_00001.png,frame_00002.png,0,0.634261,0.005530,0.306460,10
nagaoka_fireworks_B_8,28,frame_00002.png,frame_00003.png,0,0.635816,0.004769,0.389610,10
nagaoka_fireworks_B_8,28,frame_00115.png,frame_00116.png,0,0.634763,0.004943,0.319129,10
nagaoka_fireworks_B_8,28,frame_00116.png,frame_00117.png,0,0.635643,0.003521,0.344486,10
nagaoka_fireworks_B_8,28,frame_00117.png,frame_00118.png,0,0.635467,0.003936,0.341127,10
nagaoka_fireworks_B_12,29,frame_00000.png,frame_00001.png,0,0.635181,0.005516,0.356254,10
nagaoka_fireworks_B_12,29,frame_00001.png,frame_00002.png,0,0.635732,0.007086,0.414250,10
nagaoka_fireworks_B_12,29,frame_00002.png,frame_00003.png,0,0.635391,0.006980,0.391410,10
nagaoka_fireworks_B_12,29,frame_00115.png,frame_00116.png,0,0.633796,0.002466,0.186861,10
nagaoka_fireworks_B_12,29,frame_00116.png,frame_00117.png,0,0.635811,0.005280,0.397678,10
nagaoka_fireworks_B_12,29,frame_00117.png,frame_00118.png,0,0.635552,0.005371,0.378994,10
hocho_B_4,30,frame_00000.png,frame_00001.png,0,0.635965,0.017106,0.468593,10
hocho_B_4,30,frame_00001.png,frame_00002.png,0,0.635006,0.014110,0.425603,10
hocho_B_4,30,frame_00002.png,frame_00003.png,0,0.634756,0.017497,0.430791,10
hocho_B_4,30,frame_00115.png,frame_00116.png,0,0.635773,0.015478,0.458214,10
hocho_B_4,30,frame_00116.png,frame_00117.png,0,0.635488,0.013532,0.441181,10
hocho_B_4,30,frame_00117.png,frame_00118.png,0,0.636411,0.016923,0.484752,10
hocho_B_8,31,frame_00000.png,frame_00001.png,0,0.634126,0.011634,0.379896,10
hocho_B_8,31,frame_00001.png,frame_00002.png,0,0.634205,0.011615,0.382456,10
hocho_B_8,31,frame_00002.png,frame_00003.png,0,0.634852,0.014765,0.423226,10
hocho_B_8,31,frame_00115.png,frame_00116.png,0,0.634481,0.019573,0.429947,10
hocho_B_8,31,frame_00116.png,frame_00117.png,0,0.632637,0.009201,0.308164,10
hocho_B_8,31,frame_00117.png,frame_00118.png,0,0.634296,0.016933,0.415485,10
hocho_B_12,32,frame_00000.png,frame_00001.png,0,0.633978,0.013908,0.390875,10
hocho_B_12,32,frame_00001.png,frame_00002.png,0,0.634656,0.010006,0.386203,10
hocho_B_12,32,frame_00002.png,frame_00003.png,0,0.634205,0.010714,0.375042,10
hocho_B_12,32,frame_00115.png,frame_00116.png,0,0.634730,0.011263,0.399112,10
hocho_B_12,32,frame_00116.png,frame_00117.png,0,0.634327,0.009625,0.369453,10
hocho_B_12,32,frame_00117.png,frame_00118.png,0,0.635045,0.013994,0.426453,10
ex_B_4,33,frame_00000.png,frame_00001.png,0,0.636658,0.000554,0.370968,10
ex_B_4,33,frame_00001.png,frame_00002.png,0,0.636686,0.000434,0.368852,10
ex_B_4,33,frame_00002.png,frame_00003.png,0,0.636921,0.000824,0.628676,10
ex_B_4,33,frame_00115.png,frame_00116.png,0,0.636767,0.000053,0.275000,10
ex_B_4,33,frame_00116.png,frame_00117.png,0,0.636562,0.000226,0.205240,10
ex_B_4,33,frame_00117.png,frame_00118.png,0,0.636341,0.000222,0.130312,10
ex_B_8,34,frame_00000.png,frame_00001.png,0,0.636791,0.000279,0.483333,10
ex_B_8,34,frame_00001.png,frame_00002.png,0,0.636592,0.000145,0.168539,10
ex_B_8,34,frame_00002.png,frame_00003.png,0,0.636739,0.000371,0.409574,10
ex_B_8,34,frame_00115.png,frame_00116.png,0,0.636686,0.000602,0.398089,10
ex_B_8,34,frame_00116.png,frame_00117.png,0,0.636530,0.000231,0.192771,10
ex_B_8,34,frame_00117.png,frame_00118.png,0,0.636805,0.000978,0.504975,10
ex_B_12,35,frame_00000.png,frame_00001.png,0,0.636831,0.001098,0.521739,10
ex_B_12,35,frame_00001.png,frame_00002.png,0,0.636921,0.001031,0.597765,10
ex_B_12,35,frame_00002.png,frame_00003.png,0,0.636422,0.000723,0.291262,10
ex_B_12,35,frame_00115.png,frame_00116.png,0,0.636858,0.001175,0.537445,10
ex_B_12,35,frame_00116.png,frame_00117.png,0,0.637227,0.001941,0.718360,10
ex_B_12,35,frame_00117.png,frame_00118.png,0,0.636999,0.001570,0.607076,10
rice_I_4,36,frame_00000.png,frame_00001.png,0,0.636247,0.000482,0.194175,10
rice_I_4,36,frame_00001.png,frame_00002.png,0,0.636343,0.000472,0.214912,10
rice_I_4,36,frame_00002.png,frame_00003.png,0,0.636555,0.000641,0.328395,10
rice_I_4,36,frame_00115.png,frame_00116.png,0,0.636532,0.000814,0.344898,10
rice_I_4,36,frame_00116.png,frame_00117.png,0,0.636088,0.000915,0.241730,10
rice_I_4,36,frame_00117.png,frame_00118.png,0,0.636646,0.000145,0.204082,10
rice_I_8,37,frame_00000.png,frame_00001.png,0,0.636616,0.000549,0.343373,10
rice_I_8,37,frame_00001.png,frame_00002.png,0,0.636469,0.000443,0.247312,10
rice_I_8,37,frame_00002.png,frame_00003.png,0,0.636298,0.000939,0.288462,10
rice_I_8,37,frame_00115.png,frame_00116.png,0,0.635603,0.000251,0.066074,10
rice_I_8,37,frame_00116.png,frame_00117.png,0,0.635815,0.000925,0.202960,10
rice_I_8,37,frame_00117.png,frame_00118.png,0,0.636441,0.001676,0.386667,10
rice_I_12,38,frame_00000.png,frame_00001.png,0,0.636670,0.017314,0.494973,6
rice_I_12,38,frame_00001.png,frame_00002.png,0,0.639288,0.021832,0.593116,6
rice_I_12,38,frame_00002.png,frame_00003.png,0,0.638063,0.023523,0.539976,6
rice_I_12,38,frame_00115.png,frame_00116.png,0,0.635809,0.012766,0.451833,6
rice_I_12,38,frame_00116.png,frame_00117.png,0,0.636110,0.013720,0.467729,6
rice_I_12,38,frame_00117.png,frame_00118.png,0,0.637729,0.019886,0.534438,6
nagaoka_fireworks_I_4,39,frame_00000.png,frame_00001.png,0,0.636648,0.006012,0.483346,10
nagaoka_fireworks_I_4,39,frame_00001.png,frame_00002.png,0,0.636432,0.007130,0.467024,10
nagaoka_fireworks_I_4,39,frame_00002.png,frame_00003.png,0,0.636173,0.004528,0.420206,10
nagaoka_fireworks_I_4,39,frame_00115.png,frame_00116.png,0,0.636450,0.005521,0.460056,10
nagaoka_fireworks_I_4,39,frame_00116.png,frame_00117.png,0,0.636156,0.004181,0.412744,10
nagaoka_fireworks_I_4,39,frame_00117.png,frame_00118.png,0,0.636445,0.006672,0.466016,10
nagaoka_fireworks_I_8,40,frame_00000.png,frame_00001.png,0,0.634401,0.002110,0.195013,10
nagaoka_fireworks_I_8,40,frame_00001.png,frame_00002.png,0,0.635033,0.004495,0.324522,10
nagaoka_fireworks_I_8,40,frame_00002.png,frame_00003.png,0,0.635262,0.002500,0.270877,10
nagaoka_fireworks_I_8,40,frame_00115.png,frame_00116.png,0,0.635059,0.003521,0.297638,10
nagaoka_fireworks_I_8,40,frame_00116.png,frame_00117.png,0,0.636007,0.003666,0.385512,10
nagaoka_fireworks_I_8,40,frame_00117.png,frame_00118.png,0,0.634788,0.004625,0.312805,10
nagaoka_fireworks_I_12,41,frame_00000.png,frame_00001.png,0,0.634146,0.003131,0.230824,10
nagaoka_fireworks_I_12,41,frame_00001.png,frame_00002.png,0,0.635339,0.003589,0.320568,10
nagaoka_fireworks_I_12,41,frame_00002.png,frame_00003.png,0,0.636586,0.004051,0.466445,10
nagaoka_fireworks_I_12,41,frame_00115.png,frame_00116.png,0,0.634777,0.003941,0.293085,10
nagaoka_fireworks_I_12,41,frame_00116.png,frame_00117.png,0,0.636380,0.005887,0.455460,10
nagaoka_fireworks_I_12,41,frame_00117.png,frame_00118.png,0,0.635283,0.005752,0.366933,10
hocho_I_4,42,frame_00000.png,frame_00001.png,0,0.636032,0.010752,0.455324,10
hocho_I_4,42,frame_00001.png,frame_00002.png,0,0.634656,0.010391,0.389491,10
hocho_I_4,42,frame_00002.png,frame_00003.png,0,0.636604,0.010097,0.487102,10
hocho_I_4,42,frame_00115.png,frame_00116.png,0,0.635236,0.012766,0.427902,10
hocho_I_4,42,frame_00116.png,frame_00117.png,0,0.635545,0.013363,0.442848,10
hocho_I_4,42,frame_00117.png,frame_00118.png,0,0.636040,0.011407,0.458116,10
hocho_I_8,43,frame_00000.png,frame_00001.png,0,0.637220,0.017314,0.517346,10
hocho_I_8,43,frame_00001.png,frame_00002.png,0,0.636632,0.012279,0.490853,10
hocho_I_8,43,frame_00002.png,frame_00003.png,0,0.636355,0.012819,0.477309,10
hocho_I_8,43,frame_00115.png,frame_00116.png,0,0.636656,0.010131,0.490553,10
hocho_I_8,43,frame_00116.png,frame_00117.png,0,0.635692,0.013566,0.449553,10
hocho_I_8,43,frame_00117.png,frame_00118.png,0,0.636681,0.012029,0.493381,10
hocho_I_12,44,frame_00000.png,frame_00001.png,0,0.634868,0.015107,0.425220,10
hocho_I_12,44,frame_00001.png,frame_00002.png,0,0.634999,0.012641,0.418101,10
hocho_I_12,44,frame_00002.png,frame_00003.png,0,0.635397,0.014919,0.442745,10
hocho_I_12,44,frame_00115.png,frame_00116.png,0,0.634161,0.015228,0.403755,10
hocho_I_12,44,frame_00116.png,frame_00117.png,0,0.635288,0.017265,0.446271,10
hocho_I_12,44,frame_00117.png,frame_00118.png,0,0.635244,0.017376,0.445199,10
ex_I_4,45,frame_00000.png,frame_00001.png,0,0.636369,0.000318,0.175066,10
ex_I_4,45,frame_00001.png,frame_00002.png,0,0.636462,0.000607,0.283784,10
ex_I_4,45,frame_00002.png,frame_00003.png,0,0.636618,0.000053,0.088000,10
ex_I_4,45,frame_00115.png,frame_00116.png,0,0.636553,0.000063,0.078313,10
ex_I_4,45,frame_00116.png,frame_00117.png,0,0.636434,0.000000,0.000000,10
ex_I_4,45,frame_00117.png,frame_00118.png,0,0.636688,0.000111,0.211009,10
ex_I_8,46,frame_00000.png,frame_00001.png,0,0.636826,0.000752,0.527027,10
ex_I_8,46,frame_00001.png,frame_00002.png,0,0.636656,0.000756,0.397468,10
ex_I_8,46,frame_00002.png,frame_00003.png,0,0.636641,0.000236,0.260638,10
ex_I_8,46,frame_00115.png,frame_00116.png,0,0.636478,0.000246,0.178947,10
ex_I_8,46,frame_00116.png,frame_00117.png,0,0.636620,0.000491,0.333333,10
ex_I_8,46,frame_00117.png,frame_00118.png,0,0.636681,0.000395,0.354978,10
ex_I_12,47,frame_00000.png,frame_00001.png,0,0.636714,0.001320,0.459732,10
ex_I_12,47,frame_00001.png,frame_00002.png,0,0.636420,0.001026,0.331776,10
ex_I_12,47,frame_00002.png,frame_00003.png,0,0.636723,0.001079,0.456212,10
ex_I_12,47,frame_00115.png,frame_00116.png,0,0.636718,0.000602,0.422297,10
ex_I_12,47,frame_00116.png,frame_00117.png,0,0.636737,0.000617,0.439863,10
ex_I_12,47,frame_00117.png,frame_00118.png,0,0.636558,0.000829,0.357588,10
rice_X_4,48,frame_00000.png,frame_00001.png,0,0.636707,0.000882,0.437799,10
rice_X_4,48,frame_00001.png,frame_00002.png,0,0.636655,0.001479,0.441092,10
rice_X_4,48,frame_00002.png,frame_00003.png,0,0.636495,0.000501,0.272966,10
rice_X_4,48,frame_00115.png,frame_00116.png,0,0.636210,0.000352,0.151452,10
rice_X_4,48,frame_00116.png,frame_00117.png,0,0.636368,0.001175,0.332425,10
rice_X_4,48,frame_00117.png,frame_00118.png,0,0.636466,0.001161,0.358631,10
rice_X_8,49,frame_00000.png,frame_00001.png,0,0.635745,0.000135,0.042553,10
rice_X_8,49,frame_00001.png,frame_00002.png,0,0.636522,0.000544,0.294271,10
rice_X_8,49,frame_00002.png,frame_00003.png,0,0.637032,0.001633,0.623162,10
rice_X_8,49,frame_00115.png,frame_00116.png,0,0.636599,0.000617,0.345946,10
rice_X_8,49,frame_00116.png,frame_00117.png,0,0.636336,0.000915,0.295031,10
rice_X_8,49,frame_00117.png,frame_00118.png,0,0.636581,0.000506,0.314371,10
rice_X_12,50,frame_00000.png,frame_00001.png,0,0.636555,0.001749,0.419653,10
rice_X_12,50,frame_00001.png,frame_00002.png,0,0.636497,0.000968,0.350174,10
rice_X_12,50,frame_00002.png,frame_00003.png,0,0.636110,0.001132,0.272306,10
rice_X_12,50,frame_00115.png,frame_00116.png,0,0.635703,0.000732,0.163441,10
rice_X_12,50,frame_00116.png,frame_00117.png,0,0.636656,0.000882,0.409396,10
rice_X_12,50,frame_00117.png,frame_00118.png,0,0.636760,0.000255,0.414062,10
nagaoka_fireworks_X_4,51,frame_00000.png,frame_00001.png,0,0.634826,0.003454,0.279969,10
nagaoka_fireworks_X_4,51,frame_00001.png,frame_00002.png,0,0.636812,0.005916,0.501634,10
nagaoka_fireworks_X_4,51,frame_00002.png,frame_00003.png,0,0.635453,0.004755,0.359825,10
nagaoka_fireworks_X_4,51,frame_00115.png,frame_00116.png,0,0.635928,0.005675,0.412899,10
nagaoka_fireworks_X_4,51,frame_00116.png,frame_00117.png,0,0.635041,0.003680,0.301738,10
nagaoka_fireworks_X_4,51,frame_00117.png,frame_00118.png,0,0.634585,0.004615,0.301163,10
nagaoka_fireworks_X_8,52,frame_00000.png,frame_00001.png,0,0.635502,0.006460,0.391762,10
nagaoka_fireworks_X_8,52,frame_00001.png,frame_00002.png,0,0.635813,0.005034,0.393894,10
nagaoka_fireworks_X_8,52,frame_00002.png,frame_00003.png,0,0.635725,0.007467,0.417452,10
nagaoka_fireworks_X_8,52,frame_00115.png,frame_00116.png,0,0.636590,0.006282,0.478181,10
nagaoka_fireworks_X_8,52,frame_00116.png,frame_00117.png,0,0.634859,0.005665,0.339884,10
nagaoka_fireworks_X_8,52,frame_00117.png,frame_00118.png,0,0.636298,0.006951,0.454918,10
nagaoka_fireworks_X_12,53,frame_00000.png,frame_00001.png,0,0.634663,0.004909,0.312769,10
nagaoka_fireworks_X_12,53,frame_00001.png,frame_00002.png,0,0.635489,0.004210,0.350160,10
nagaoka_fireworks_X_12,53,frame_00002.png,frame_00003.png,0,0.635083,0.004263,0.321818,10
nagaoka_fireworks_X_12,53,frame_00115.png,frame_00116.png,0,0.635253,0.003416,0.308127,10
nagaoka_fireworks_X_12,53,frame_00116.png,frame_00117.png,0,0.635563,0.005530,0.382412,10
nagaoka_fireworks_X_12,53,frame_00117.png,frame_00118.png,0,0.634536,0.002317,0.213304,10
hocho_X_4,54,frame_00000.png,frame_00001.png,0,0.636422,0.014385,0.482625,10
hocho_X_4,54,frame_00001.png,frame_00002.png,0,0.635635,0.014308,0.449659,10
hocho_X_4,54,frame_00002.png,frame_00003.png,0,0.637596,0.014149,0.542082,10
hocho_X_4,54,frame_00115.png,frame_00116.png,0,0.636942,0.013860,0.507228,10
hocho_X_4,54,frame_00116.png,frame_00117.png,0,0.636411,0.013267,0.480712,10
hocho_X_4,54,frame_00117.png,frame_00118.png,0,0.637150,0.010160,0.525019,10
hocho_X_8,55,frame_00000.png,frame_00001.png,0,0.634438,0.008994,0.367303,10
hocho_X_8,55,frame_00001.png,frame_00002.png,0,0.633803,0.010343,0.357476,10
hocho_X_8,55,frame_00002.png,frame_00003.png,0,0.634079,0.011061,0.373576,10
hocho_X_8,55,frame_00115.png,frame_00116.png,0,0.635360,0.012530,0.431773,10
hocho_X_8,55,frame_00116.png,frame_00117.png,0,0.635087,0.009100,0.397183,10
hocho_X_8,55,frame_00117.png,frame_00118.png,0,0.636126,0.009466,0.455494,10
hocho_X_12,56,frame_00000.png,frame_00001.png,0,0.634394,0.009220,0.367935,10
hocho_X_12,56,frame_00001.png,frame_00002.png,0,0.635781,0.011494,0.445731,10
hocho_X_12,56,frame_00002.png,frame_00003.png,0,0.634534,0.011398,0.392632,10
hocho_X_12,56,frame_00115.png,frame_00116.png,0,0.634272,0.007872,0.346774,10
hocho_X_12,56,frame_00116.png,frame_00117.png,0,0.634688,0.008079,0.367763,10
hocho_X_12,56,frame_00117.png,frame_00118.png,0,0.634413,0.009095,0.367387,10
ex_X_4,57,frame_00000.png,frame_00001.png,0,0.636114,0.000732,0.218705,10
ex_X_4,57,frame_00001.png,frame_00002.png,0,0.636319,0.000617,0.241509,10
ex_X_4,57,frame_00002.png,frame_00003.png,0,0.636555,0.000573,0.315650,10
ex_X_4,57,frame_00115.png,frame_00116.png,0,0.636982,0.000800,0.731278,10
ex_X_4,57,frame_00116.png,frame_00117.png,0,0.636079,0.000087,0.040268,10
ex_X_4,57,frame_00117.png,frame_00118.png,0,0.636658,0.000106,0.177419,10
ex_X_8,58,frame_00000.png,frame_00001.png,0,0.636606,0.000284,0.258772,10
ex_X_8,58,frame_00001.png,frame_00002.png,0,0.636705,0.000067,0.172840,10
ex_X_8,58,frame_00002.png,frame_00003.png,0,0.636390,0.000356,0.194226,10
ex_X_8,58,frame_00115.png,frame_00116.png,0,0.636586,0.000328,0.264591,10
ex_X_8,58,frame_00116.png,frame_00117.png,0,0.636676,0.000039,0.093023,10
ex_X_8,58,frame_00117.png,frame_00118.png,0,0.636480,0.000096,0.090090,10
ex_X_12,59,frame_00000.png,frame_00001.png,0,0.636976,0.000708,0.765625,10
ex_X_12,59,frame_00001.png,frame_00002.png,0,0.636845,0.000655,0.555102,10
ex_X_12,59,frame_00002.png,frame_00003.png,0,0.636614,0.000241,0.243902,10
ex_X_12,59,frame_00115.png,frame_00116.png,0,0.636915,0.000882,0.612040,10
ex_X_12,59,frame_00116.png,frame_00117.png,0,0.636711,0.000096,0.222222,10
ex_X_12,59,frame_00117.png,frame_00118.png,0,0.636599,0.000145,0.172414,10
